{"camera_matrix": [[1152.9480229592248, 0.0, 748.0235800719094], [0.0, 1157.740705718168, 398.37398533820794], [0.0, 0.0, 1.0]], "dist_coeff": [[-0.023736972948938395, 0.14389030982295642, 0.0013333794686665543, 0.0032787079454163386, 0.0]], "height": 846, "width": 1503}